eventSet,movementGroup,timeFromEventSec,meanEventBeta2EnvelopeZ,semEventBeta2EnvelopeZ,meanControlBeta2EnvelopeZ,semControlBeta2EnvelopeZ,nAnimals,nPairs
TierAC,SustainedImmobility,-1.975,0.351766138086715,0.123088717437046,0.338369911621333,0.129508333913842,5,257
TierAC,SustainedImmobility,-1.925,0.224784570818604,0.0984688908359658,0.300546350711655,0.111337726556338,5,257
TierAC,SustainedImmobility,-1.875,0.17759210019906,0.0759715492240069,0.179785032438637,0.106887486984824,5,257
TierAC,SustainedImmobility,-1.825,0.226433053761183,0.0926820364210968,0.082488489599662,0.0914101615242504,5,257
TierAC,SustainedImmobility,-1.775,0.241903083909557,0.116561364161657,0.164651201576663,0.0426450936591233,5,257
TierAC,SustainedImmobility,-1.725,0.193703937221527,0.102512179540986,0.277491925776411,0.0548369969692474,5,257
TierAC,SustainedImmobility,-1.675,0.173024694719262,0.0574977547399188,0.274081793933324,0.0461690450626439,5,257
TierAC,SustainedImmobility,-1.625,0.21764712679255,0.032414947106585,0.151453508538779,0.0428495790837705,5,257
TierAC,SustainedImmobility,-1.575,0.302384692030763,0.0611895181727869,0.0980339565673296,0.0392697819026699,5,257
TierAC,SustainedImmobility,-1.525,0.374660096248914,0.0570348317161471,0.114000614314137,0.0759498688874065,5,257
TierAC,SustainedImmobility,-1.475,0.362645213747504,0.0468931688036953,0.120414996941286,0.0510808794475501,5,257
TierAC,SustainedImmobility,-1.425,0.301106603921017,0.045668578917271,0.103008449961801,0.0410389491650712,5,257
TierAC,SustainedImmobility,-1.375,0.223396573021888,0.0786439044224827,0.0897756623370768,0.0681121966657714,5,257
TierAC,SustainedImmobility,-1.325,0.16351195987702,0.071109592069631,0.0581814588016804,0.0404635948605661,5,257
TierAC,SustainedImmobility,-1.275,0.126816775000676,0.0537475174942101,0.0703439379454829,0.0307915133060428,5,257
TierAC,SustainedImmobility,-1.225,0.166051737059592,0.0854881010631131,0.148187121109931,0.0444351853883958,5,257
TierAC,SustainedImmobility,-1.175,0.269368467845962,0.0644356023264622,0.208890846843558,0.053100795920927,5,257
TierAC,SustainedImmobility,-1.125,0.297732978991586,0.045124888910538,0.219801444390616,0.0792358693040806,5,257
TierAC,SustainedImmobility,-1.075,0.260297804163357,0.0950872246051186,0.221505460600106,0.0722039622660419,5,257
TierAC,SustainedImmobility,-1.025,0.278055807674352,0.0768560762241841,0.215928799939884,0.0818757750375784,5,257
TierAC,SustainedImmobility,-0.975,0.318527967077562,0.0951346175182376,0.22322433741271,0.0768661908338808,5,257
TierAC,SustainedImmobility,-0.925,0.410893725112617,0.150018236054794,0.236246052948437,0.0853325474332594,5,257
TierAC,SustainedImmobility,-0.875,0.429941959068446,0.174956743845544,0.185225383785021,0.0779590997255473,5,257
TierAC,SustainedImmobility,-0.825,0.36590927359382,0.188975407186726,0.093423518269826,0.0559462880881721,5,257
TierAC,SustainedImmobility,-0.775,0.346483613339302,0.134444104520734,0.0365784281662439,0.0457828864376619,5,257
TierAC,SustainedImmobility,-0.725,0.302345218687673,0.072369345634291,0.0672237855035234,0.0373529583862915,5,257
TierAC,SustainedImmobility,-0.675,0.25696159214501,0.0421056668527091,0.093356136998249,0.0507414896963314,5,257
TierAC,SustainedImmobility,-0.625,0.19068180343209,0.0628482899608932,0.130392478069916,0.053578340118026,5,257
TierAC,SustainedImmobility,-0.575,0.139442753863008,0.126556990222756,0.182383597855191,0.049289483988112,5,257
TierAC,SustainedImmobility,-0.525,0.154690911549197,0.137558472730326,0.191816580942546,0.0654255957195559,5,257
TierAC,SustainedImmobility,-0.475,0.193632668558288,0.115641076432066,0.216791736649174,0.0829037617679674,5,257
TierAC,SustainedImmobility,-0.425,0.269951526324585,0.075782003520224,0.261518612921407,0.0571759822826156,5,257
TierAC,SustainedImmobility,-0.375,0.33522922444472,0.0649793995929265,0.233886945469813,0.0416739532960312,5,257
TierAC,SustainedImmobility,-0.325,0.437274713058668,0.0842110576789869,0.147478260520321,0.0667489189148939,5,257
TierAC,SustainedImmobility,-0.275,0.533836314791029,0.103797238836768,0.0718007050400265,0.0861575992670218,5,257
TierAC,SustainedImmobility,-0.225,0.561615583313897,0.0898455128002408,0.0763632946179052,0.0775809400581273,5,257
TierAC,SustainedImmobility,-0.175,0.58575056729829,0.0776097659788503,0.0348281303862102,0.108899322643406,5,257
TierAC,SustainedImmobility,-0.125,0.714549244167217,0.131094515119939,0.000595174655012787,0.123588653180911,5,257
TierAC,SustainedImmobility,-0.075,0.842210268443585,0.249079718416331,0.0304871959789658,0.0729137318331122,5,257
TierAC,SustainedImmobility,-0.0249999999999999,1.02704382954444,0.379152393840329,0.0788232759074157,0.0575982100997134,5,257
TierAC,SustainedImmobility,0.0249999999999999,1.19381655594747,0.386866247616201,0.122308459196395,0.0852061143119743,5,257
TierAC,SustainedImmobility,0.075,1.19554951563028,0.253937538310023,0.150183871409681,0.0888389228881856,5,257
TierAC,SustainedImmobility,0.125,1.0357289743575,0.137942665233903,0.134368672356762,0.100039502830892,5,257
TierAC,SustainedImmobility,0.175,0.774111654405682,0.0963455396635141,0.108768144761213,0.124835512052437,5,257
TierAC,SustainedImmobility,0.225,0.476303213153285,0.104359395133089,0.0892773713103687,0.138186384151685,5,257
TierAC,SustainedImmobility,0.275,0.324803555105424,0.120891222312924,0.135440797799288,0.139883028843613,5,257
TierAC,SustainedImmobility,0.325,0.297454422016023,0.0887058952718707,0.155293908557189,0.101132763366232,5,257
TierAC,SustainedImmobility,0.375,0.250034214683034,0.058840394164905,0.153170560868795,0.0718216724226892,5,257
TierAC,SustainedImmobility,0.425,0.217674523161604,0.0477734400123856,0.200320400499668,0.0523294236979819,5,257
TierAC,SustainedImmobility,0.475,0.246680201004625,0.0390409701964269,0.223440675170618,0.0549608959197828,5,257
TierAC,SustainedImmobility,0.525,0.292072289615168,0.0266574907501865,0.196496906057041,0.0558288313922484,5,257
TierAC,SustainedImmobility,0.575,0.301052983862108,0.071224010342086,0.181761754936397,0.0669882842126057,5,257
TierAC,SustainedImmobility,0.625,0.264416080909852,0.11765423405159,0.241796106741628,0.07411668614141,5,257
TierAC,SustainedImmobility,0.675,0.195022718497651,0.152791585761347,0.276274233872688,0.0899937848994549,5,257
TierAC,SustainedImmobility,0.725,0.180874377588003,0.107276303915866,0.201296618855527,0.0774133460318216,5,257
TierAC,SustainedImmobility,0.775,0.184030265234438,0.0747418211090268,0.104651181086618,0.0823856842768903,5,257
TierAC,SustainedImmobility,0.825,0.211868090537204,0.104792035867366,0.092424538286931,0.0912106546739502,5,257
TierAC,SustainedImmobility,0.875,0.225518754073319,0.116306113042201,0.183116118306685,0.10158770592783,5,257
TierAC,SustainedImmobility,0.925,0.227859042449752,0.0646014531102961,0.209673108467344,0.0765819259456996,5,257
TierAC,SustainedImmobility,0.975,0.287544621772554,0.0484587838616845,0.112498719527668,0.0644477164973325,5,257
TierAC,SustainedImmobility,1.025,0.33562489427698,0.0645011988223414,0.0752743418651486,0.0905507593873272,5,257
TierAC,SustainedImmobility,1.075,0.423088088802881,0.0884089141397547,0.147497518162477,0.1044450300055,5,257
TierAC,SustainedImmobility,1.125,0.439507753205964,0.0712545197184636,0.262854676340538,0.0893233282762787,5,257
TierAC,SustainedImmobility,1.175,0.350382657975749,0.0481225294825128,0.32642594681952,0.11009758835736,5,257
TierAC,SustainedImmobility,1.225,0.232331183854844,0.0636719354926685,0.207945426713321,0.0702728762974431,5,257
TierAC,SustainedImmobility,1.275,0.169920790128554,0.0620030488766751,0.0836044159081046,0.0382961179363403,5,257
TierAC,SustainedImmobility,1.325,0.17823670296799,0.0348665093958825,0.114240077083226,0.0578329232627435,5,257
TierAC,SustainedImmobility,1.375,0.205242702982424,0.0559799803736569,0.222968228474421,0.106605989374097,5,257
TierAC,SustainedImmobility,1.425,0.227278997598229,0.0363048154352793,0.224014601795243,0.128181898620597,5,257
TierAC,SustainedImmobility,1.475,0.235871845324278,0.0239749249069873,0.127198051839752,0.122583939119511,5,257
TierAC,SustainedImmobility,1.525,0.186151593325282,0.0228497540725756,0.119607017203426,0.100270451855791,5,257
TierAC,SustainedImmobility,1.575,0.107525105281865,0.0401629306476783,0.196993302644683,0.0681965855866022,5,257
TierAC,SustainedImmobility,1.625,0.0984713117497054,0.0475959898888996,0.255972008526416,0.0537493265424356,5,257
TierAC,SustainedImmobility,1.675,0.157472153464516,0.0794685876771352,0.274862842040083,0.0727740104216551,5,257
TierAC,SustainedImmobility,1.725,0.177267608179869,0.0988692356224493,0.215232286315278,0.0491779324983732,5,257
TierAC,SustainedImmobility,1.775,0.193476164612497,0.106990409108939,0.0978370472797437,0.0607059016511414,5,257
TierAC,SustainedImmobility,1.825,0.239905062205518,0.0858536318032962,0.0581933216142581,0.0717398602404235,5,257
TierAC,SustainedImmobility,1.875,0.237960046698288,0.055136928207634,0.148257254970017,0.0702981704860857,5,257
TierAC,SustainedImmobility,1.925,0.217800807564534,0.0196316989220819,0.19531253885237,0.0662589126346447,5,257
TierAC,SustainedImmobility,1.975,0.235328891816763,0.0631573190321084,0.119354945324422,0.0699144509908903,5,257
