repository_path,source_archive,script_type,role,archive_sha256,repository_sha256,portability_modified
analysis/01_primary_beta/hc31_batch11A_event_trace_QC_PLAIN_SCRIPT.m,b4.zip,main,"Primary beta/beta2 detection, timecourse, spatial/novelty or trace QC",a42cb031e11b50bc2b20e765740937ceeea52f03d7cc167f551db42fb7b22d37,0408a9f4a7cd0bd37cb90a6bb096b95d00421b1cab6f57037e8e4939feaf4d4e,yes
analysis/01_primary_beta/hc31_batch2_burst_frequency_heatmaps.m,b4.zip,main,"Primary beta/beta2 detection, timecourse, spatial/novelty or trace QC",5d4186c224bb3f58419f8a242f642cb8bb1c03ae51ca1089dc67c4f68e8d98fd,6a91e7e3d8af5fbe508a06bb64ce681ad25208172d8314a6e10393b07706ee51,yes
analysis/01_primary_beta/hc31_batch4_novelty_statistics.m,b4.zip,main,"Primary beta/beta2 detection, timecourse, spatial/novelty or trace QC",e000169839ef2636481010643ab8fb894e66be47249ef6b51a0d0007a9326d5e,e000169839ef2636481010643ab8fb894e66be47249ef6b51a0d0007a9326d5e,no
analysis/01_primary_beta/hc31_entry_novelty_sensitivity_PLAIN_SCRIPT.m,b4.zip,main,"Primary beta/beta2 detection, timecourse, spatial/novelty or trace QC",2620c71b6dfcbe7bdb73d4b09ecf06c8bdc9a3d9b403299e0f62b5a40f3152bc,38483dbdcf047bafae6405c16e744237d385f5cf4b42cdf19b204c77356d0945,yes
analysis/01_primary_beta/hc31_extract_beta_bursts_over_time_FUNC.m,b4.zip,main,"Primary beta/beta2 detection, timecourse, spatial/novelty or trace QC",7d9eae2470f4df1269d92fa75a70103582d3ee69a94cf34d01e03d8ff3925479,d861ad9646068102af024834229b8607cacd0c24ee12efbc6c9b9e6914e50bf4,yes
analysis/01_primary_beta/hc31_run1_beta_timecourse_plots_PLAIN_SCRIPT.m,b4.zip,main,"Primary beta/beta2 detection, timecourse, spatial/novelty or trace QC",7d2c50ed0c796cd405ce246b01ca2ee94b31a14bb28683c64e6280beea6c71c9,b0af52038aad8ee484c7164d6f55e278c43761bb3fdefa6d2c9af5552c7bcaf1,yes
analysis/01_primary_beta/nfbeta.m,b4.zip,main,"Primary beta/beta2 detection, timecourse, spatial/novelty or trace QC",8705c90ef71cf356006dcc249793520a157b120038d3d912f7939d2eb9ec42e9,b6836d122942d7d74622ea0364920f24d4b5b0786bd02fec9ac3adf0b0049bbb,yes
analysis/01_primary_beta/plotburstlocs.m,b4.zip,main,"Primary beta/beta2 detection, timecourse, spatial/novelty or trace QC",2fa7fef7955a1ec6eea66fef19caeedfb480e65d408a155d6ba7a7863670c8c3,c74c624dcdd750d3d6446773cc5a2a4ee14fcd3975e40cae11b3a4c1c98086a5,yes
analysis/01_primary_beta/speedcorr.m,b4.zip,main,"Primary beta/beta2 detection, timecourse, spatial/novelty or trace QC",256624c4d19a926e905fa04ba9ffe4196b252d1afee72f0be0b4e16e97b71d38,e363b85b2bd6a5fe63995ea4264d8659102446d8c43e87c353ece1e87fab558c,yes
analysis/02_final_temporal_spatial_stats/add_sig_bar.m,b3.zip,helper,Final animal-level temporal/spatial summary runner or helper,f4f0745fab743d86e393b81a76effbd8666297a8863a0be316f71616997d5baf,f4f0745fab743d86e393b81a76effbd8666297a8863a0be316f71616997d5baf,no
analysis/02_final_temporal_spatial_stats/compute_over_time_animal_summary.m,b3.zip,helper,Final animal-level temporal/spatial summary runner or helper,01172e9e5f36dab79ba717a4ee4e927cda82d5edee893f7ec5da2e7f74277201,01172e9e5f36dab79ba717a4ee4e927cda82d5edee893f7ec5da2e7f74277201,no
analysis/02_final_temporal_spatial_stats/exact_signflip_p.m,b3.zip,helper,Final animal-level temporal/spatial summary runner or helper,45fa2cf0eea9fb1577d66c6722c04102ade5c781aca4baac13d2305a15b15084,45fa2cf0eea9fb1577d66c6722c04102ade5c781aca4baac13d2305a15b15084,no
analysis/02_final_temporal_spatial_stats/locate_first_file.m,b3.zip,helper,Final animal-level temporal/spatial summary runner or helper,73f2882f998a0c6ec95214f428e815593ae2b996dba291234f14a4bdd2162308,73f2882f998a0c6ec95214f428e815593ae2b996dba291234f14a4bdd2162308,no
analysis/02_final_temporal_spatial_stats/make_event_metric_summary.m,b3.zip,helper,Final animal-level temporal/spatial summary runner or helper,1da2b9edad656d043c682aaff92e36cbed95b3641f5b50ac55156fa1b1a4fcee,1da2b9edad656d043c682aaff92e36cbed95b3641f5b50ac55156fa1b1a4fcee,no
analysis/02_final_temporal_spatial_stats/make_first_second_panel_plot.m,b3.zip,helper,Final animal-level temporal/spatial summary runner or helper,c88d7013ce5d86329f05da151fb353f28d8e6a1b0220a804c2b822a8d05e31c6,c88d7013ce5d86329f05da151fb353f28d8e6a1b0220a804c2b822a8d05e31c6,no
analysis/02_final_temporal_spatial_stats/make_paired_sig_plot.m,b3.zip,helper,Final animal-level temporal/spatial summary runner or helper,5db97b4b5116057525c61521b3e1921503fc536ce7bb7cdb9a1193a4e0162d6e,5db97b4b5116057525c61521b3e1921503fc536ce7bb7cdb9a1193a4e0162d6e,no
analysis/02_final_temporal_spatial_stats/make_slope_plot.m,b3.zip,helper,Final animal-level temporal/spatial summary runner or helper,a0ffaef765aaa1772bd3631d1ab2ec63d598a96c2a54e4fb89fbfb12b6767a80,a0ffaef765aaa1772bd3631d1ab2ec63d598a96c2a54e4fb89fbfb12b6767a80,no
analysis/02_final_temporal_spatial_stats/make_speed_subepoch_trend_plot.m,b3.zip,helper,Final animal-level temporal/spatial summary runner or helper,16557d0b4f00109a9f7752bc031132e538e3edc3eda33b315f04dc697b3f2a30,16557d0b4f00109a9f7752bc031132e538e3edc3eda33b315f04dc697b3f2a30,no
analysis/02_final_temporal_spatial_stats/make_stat_row.m,b3.zip,helper,Final animal-level temporal/spatial summary runner or helper,79c0b3b27234cdb2e0b709d7118bea91dadc064e3f9119a18871d7b96764c963,79c0b3b27234cdb2e0b709d7118bea91dadc064e3f9119a18871d7b96764c963,no
analysis/02_final_temporal_spatial_stats/make_subepoch_difference_trend_plot.m,b3.zip,helper,Final animal-level temporal/spatial summary runner or helper,09785f1bf752213f35e094910c52fb944d8303289d4e9cfb4024b2c553682f91,09785f1bf752213f35e094910c52fb944d8303289d4e9cfb4024b2c553682f91,no
analysis/02_final_temporal_spatial_stats/make_subepoch_grid_plot.m,b3.zip,helper,Final animal-level temporal/spatial summary runner or helper,79ad526904de8a1a4b6f63c63d6c552f888cb83e01be0b1475eec14b5d6f50e2,79ad526904de8a1a4b6f63c63d6c552f888cb83e01be0b1475eec14b5d6f50e2,no
analysis/02_final_temporal_spatial_stats/make_two_panel_novel_familiar_plot.m,b3.zip,helper,Final animal-level temporal/spatial summary runner or helper,05f288da43f7ce4faf47d7b2ab9743fca13c45a8813c72999179eecaab32fcd7,05f288da43f7ce4faf47d7b2ab9743fca13c45a8813c72999179eecaab32fcd7,no
analysis/02_final_temporal_spatial_stats/normalise_band_labels.m,b3.zip,helper,Final animal-level temporal/spatial summary runner or helper,f02b29ce63b00d2b60796af534bd416bad51aa2e7b178d50b6b49b3f5c6f07a0,f02b29ce63b00d2b60796af534bd416bad51aa2e7b178d50b6b49b3f5c6f07a0,no
analysis/02_final_temporal_spatial_stats/p_to_label.m,b3.zip,helper,Final animal-level temporal/spatial summary runner or helper,d8063be1bd1e5352cc2d863f78cb9988832963bafaf3d955dadcf35853f223ab,d8063be1bd1e5352cc2d863f78cb9988832963bafaf3d955dadcf35853f223ab,no
analysis/02_final_temporal_spatial_stats/paired_values_by_band.m,b3.zip,helper,Final animal-level temporal/spatial summary runner or helper,ac1d39be5cb2fde1a3aebb8257f7b23642329fbea82a0b5349cea8fc54313349,ac1d39be5cb2fde1a3aebb8257f7b23642329fbea82a0b5349cea8fc54313349,no
analysis/02_final_temporal_spatial_stats/paired_values_novel_familiar.m,b3.zip,helper,Final animal-level temporal/spatial summary runner or helper,aaf0c96bb4204407bea2c75bb2316585e0cf25c8f475ad131d97397731d5074a,aaf0c96bb4204407bea2c75bb2316585e0cf25c8f475ad131d97397731d5074a,no
analysis/02_final_temporal_spatial_stats/run_b4_updated_stats.m,b3.zip,main,Final animal-level temporal/spatial summary runner or helper,2d68b09cc7a0e3649c4826542b32ecfff851308059b9e7a1337ee29732c39267,a0d38340706c8309f510991cc835a273f91aa3dcc5bcc56e292311db0c6797de,yes
analysis/02_final_temporal_spatial_stats/save_figure.m,b3.zip,helper,Final animal-level temporal/spatial summary runner or helper,00b5b2c7abe7c8e7792d3bd8099d583253508703ffbd6d03dfe0a275c87f4372,00b5b2c7abe7c8e7792d3bd8099d583253508703ffbd6d03dfe0a275c87f4372,no
analysis/02_final_temporal_spatial_stats/sem_omitnan.m,b3.zip,helper,Final animal-level temporal/spatial summary runner or helper,d5e0e9fef668bc56d229637d441a2c610994116b2e17254311ec54ff795e99c1,d5e0e9fef668bc56d229637d441a2c610994116b2e17254311ec54ff795e99c1,no
analysis/02_final_temporal_spatial_stats/write_batch4_updated_readme.m,b3.zip,helper,Final animal-level temporal/spatial summary runner or helper,84f0323e897bf456ac60f06e6fa079b55fe5c2db6a6c0411e69a8c52a7020e86,84f0323e897bf456ac60f06e6fa079b55fe5c2db6a6c0411e69a8c52a7020e86,no
analysis/03_spectral/batch5_force/addBandPatch.m,b3.zip,helper,Spectral/spectrogram analysis runner or helper,4cbfa7d4cab29d5c0262e0f3d63c206537c1687bac3f4dccf3e20a226e237f98,4cbfa7d4cab29d5c0262e0f3d63c206537c1687bac3f4dccf3e20a226e237f98,no
analysis/03_spectral/batch5_force/bandMean.m,b3.zip,helper,Spectral/spectrogram analysis runner or helper,e3a43bd92ed47dbaa276bd9e410e1dcc43b0e850ea80c264606760ebb0c8008f,e3a43bd92ed47dbaa276bd9e410e1dcc43b0e850ea80c264606760ebb0c8008f,no
analysis/03_spectral/batch5_force/bandMedian.m,b3.zip,helper,Spectral/spectrogram analysis runner or helper,19263baa8666f95c3a993f06dae3cf2253eeec8bcbcf6265d9473ed562f51974,19263baa8666f95c3a993f06dae3cf2253eeec8bcbcf6265d9473ed562f51974,no
analysis/03_spectral/batch5_force/bandPeak.m,b3.zip,helper,Spectral/spectrogram analysis runner or helper,ffa0cd036225f40b63ec33f57a3aeaf93726e6c5740eb2962805f845c0e89d78,ffa0cd036225f40b63ec33f57a3aeaf93726e6c5740eb2962805f845c0e89d78,no
analysis/03_spectral/batch5_force/countBurstsByAnimal.m,b3.zip,helper,Spectral/spectrogram analysis runner or helper,09be010aafe1ac82f196945a6e889dc720fae433a52a86d72e6cba2a58ae89cd,09be010aafe1ac82f196945a6e889dc720fae433a52a86d72e6cba2a58ae89cd,no
analysis/03_spectral/batch5_force/findVar.m,b3.zip,helper,Spectral/spectrogram analysis runner or helper,35dfbcfd9a9fe74f92e32145ebf7098cec47b1223c4b2755eab0991172099ffe,35dfbcfd9a9fe74f92e32145ebf7098cec47b1223c4b2755eab0991172099ffe,no
analysis/03_spectral/batch5_force/locateFile.m,b3.zip,helper,Spectral/spectrogram analysis runner or helper,32287ba45fb97a5bf459b18252731aa69e39a3b288bf1e44300d433873e2d46b,32287ba45fb97a5bf459b18252731aa69e39a3b288bf1e44300d433873e2d46b,no
analysis/03_spectral/batch5_force/neighbourMedian.m,b3.zip,helper,Spectral/spectrogram analysis runner or helper,42a18d668ce6ebabbc5155d3695998479ae87f600c381625c788ea5466b4b708,42a18d668ce6ebabbc5155d3695998479ae87f600c381625c788ea5466b4b708,no
analysis/03_spectral/batch5_force/plotAllMovingSpectraOverlay.m,b3.zip,helper,Spectral/spectrogram analysis runner or helper,f9d2077b78389e4d74c9e188a406f17086f27cd2e4ba341a7c569ba21e8c0797,f9d2077b78389e4d74c9e188a406f17086f27cd2e4ba341a7c569ba21e8c0797,no
analysis/03_spectral/batch5_force/plotBurstCountVsNoise.m,b3.zip,helper,Spectral/spectrogram analysis runner or helper,47aac866d9eb21c368f94c65c271d8e2daef7654f259de3d04bf2661ac4de7bc,47aac866d9eb21c368f94c65c271d8e2daef7654f259de3d04bf2661ac4de7bc,no
analysis/03_spectral/batch5_force/plotHighFrequencyMetrics.m,b3.zip,helper,Spectral/spectrogram analysis runner or helper,51b8af3f30d8480cbd60bc445986cf1d9624aa842af50ef16377514b52dfb0cf,51b8af3f30d8480cbd60bc445986cf1d9624aa842af50ef16377514b52dfb0cf,no
analysis/03_spectral/batch5_force/plotLineNoiseMetrics.m,b3.zip,helper,Spectral/spectrogram analysis runner or helper,e5d645d5815981563082e1d52f6754c391fbb5e958cf4b42e4f66354bd289fb9,e5d645d5815981563082e1d52f6754c391fbb5e958cf4b42e4f66354bd289fb9,no
analysis/03_spectral/batch5_force/plotMedianNormalisedSpectra.m,b3.zip,helper,Spectral/spectrogram analysis runner or helper,15a790f18bcf9af6314e890aeacbeb22d8dc99b5bc675d934469c3d3535c9d56,15a790f18bcf9af6314e890aeacbeb22d8dc99b5bc675d934469c3d3535c9d56,no
analysis/03_spectral/batch5_force/plotThetaBeta2PeakSummary.m,b3.zip,helper,Spectral/spectrogram analysis runner or helper,b5922d34b77ac27e58eec94362b3a495df3e7e7560c9eed508763b87651b77a0,b5922d34b77ac27e58eec94362b3a495df3e7e7560c9eed508763b87651b77a0,no
analysis/03_spectral/batch5_force/robustZ.m,b3.zip,helper,Spectral/spectrogram analysis runner or helper,3d06f32460d14c2fe07011c8e36aadf0a8989a62f11a0600750dd69e2e4c192b,3d06f32460d14c2fe07011c8e36aadf0a8989a62f11a0600750dd69e2e4c192b,no
analysis/03_spectral/batch5_force/run_b5_force.m,b3.zip,main,Spectral/spectrogram analysis runner or helper,0451ec6aa95fe23993ca556dc05fc0a19fb7573befd6a1ec6f06d8c9fd24311f,94fd1696b250c98f41fd4c20bab8128d7fff305c9a6e706aca45acad6ebb2b29,yes
analysis/03_spectral/batch5_force/spectralRoughnessMad.m,b3.zip,helper,Spectral/spectrogram analysis runner or helper,d06d68d79edf5d8953afccd375438707fe83fc4a6e44e9a1ed42bbdb1b930a64,d06d68d79edf5d8953afccd375438707fe83fc4a6e44e9a1ed42bbdb1b930a64,no
analysis/03_spectral/batch5_force/spectralSlope.m,b3.zip,helper,Spectral/spectrogram analysis runner or helper,9969fb13df8bc5986da8fb0114e88352fdbdbf3b230b3287b8c7ba9ba38fe359,9969fb13df8bc5986da8fb0114e88352fdbdbf3b230b3287b8c7ba9ba38fe359,no
analysis/03_spectral/batch5_force/standardiseBurstTable.m,b3.zip,helper,Spectral/spectrogram analysis runner or helper,867b6e57c2310991a072a1d12e44eb92555a2ec19ac0457d122fb30edd441080,867b6e57c2310991a072a1d12e44eb92555a2ec19ac0457d122fb30edd441080,no
analysis/03_spectral/batch5_force/standardiseLongSpectraTable.m,b3.zip,helper,Spectral/spectrogram analysis runner or helper,cb1a0c37bfc199f36f9eaed26837f1ffa7717d81408d69913bf9602580a2799b,cb1a0c37bfc199f36f9eaed26837f1ffa7717d81408d69913bf9602580a2799b,no
analysis/03_spectral/batch6_force/asCellstrColumn.m,b3.zip,helper,Spectral/spectrogram analysis runner or helper,2079c47930cc7451f0212d1092851397be2aeaa2543b86cba595a550e7e5f3c2,2079c47930cc7451f0212d1092851397be2aeaa2543b86cba595a550e7e5f3c2,no
analysis/03_spectral/batch6_force/asNumericColumn.m,b3.zip,helper,Spectral/spectrogram analysis runner or helper,620daf04dd51bc5ae7ee99866086558fb62b462c9d6c3e4cdf7313bc3c7d4d94,620daf04dd51bc5ae7ee99866086558fb62b462c9d6c3e4cdf7313bc3c7d4d94,no
analysis/03_spectral/batch6_force/downsampleEventTimes.m,b3.zip,helper,Spectral/spectrogram analysis runner or helper,608d83e6c20b19f1507e7cebea4d461692b964557b151960bd09a778b84a93c7,608d83e6c20b19f1507e7cebea4d461692b964557b151960bd09a778b84a93c7,no
analysis/03_spectral/batch6_force/downsampleLfp.m,b3.zip,helper,Spectral/spectrogram analysis runner or helper,7f1f60dc8e530a897caf8c7525b2908f92c3248810c7d0b2c3627a9374561fce,7f1f60dc8e530a897caf8c7525b2908f92c3248810c7d0b2c3627a9374561fce,no
analysis/03_spectral/batch6_force/fillMissingForSpectrogram.m,b3.zip,helper,Spectral/spectrogram analysis runner or helper,f97e1dafe404497d7903e785813cb9ddea86cd6773dbb5766ded878d20825faf,f97e1dafe404497d7903e785813cb9ddea86cd6773dbb5766ded878d20825faf,no
analysis/03_spectral/batch6_force/getAnimalName.m,b3.zip,helper,Spectral/spectrogram analysis runner or helper,aa17e85aa63ddbb08441e8231aa8daa4aec0de89d81e6786ef5330e55b30095a,aa17e85aa63ddbb08441e8231aa8daa4aec0de89d81e6786ef5330e55b30095a,no
analysis/03_spectral/batch6_force/getCscFile.m,b3.zip,helper,Spectral/spectrogram analysis runner or helper,9321e3970efc3207d4b85a0a86f2f55e120a0ddb49a45ca4599e82b116bf17b2,9321e3970efc3207d4b85a0a86f2f55e120a0ddb49a45ca4599e82b116bf17b2,no
analysis/03_spectral/batch6_force/getRun1PositionAndSpeed.m,b3.zip,helper,Spectral/spectrogram analysis runner or helper,989a3dfa59d03e8471dfc1d2f38bec5db9a27fdb7c1118c39648667aa1d71439,989a3dfa59d03e8471dfc1d2f38bec5db9a27fdb7c1118c39648667aa1d71439,no
analysis/03_spectral/batch6_force/locateFile.m,b3.zip,helper,Spectral/spectrogram analysis runner or helper,ac7ae3d72913b1e5d34116a5ae5b65b17189a4996580a0601156d8cc2b6adb9a,ac7ae3d72913b1e5d34116a5ae5b65b17189a4996580a0601156d8cc2b6adb9a,no
analysis/03_spectral/batch6_force/locateFolder.m,b3.zip,helper,Spectral/spectrogram analysis runner or helper,2180834472dc9f2d28e77b2ce967ac5533c84d0d13715631a32c24c7f6351f55,2180834472dc9f2d28e77b2ce967ac5533c84d0d13715631a32c24c7f6351f55,no
analysis/03_spectral/batch6_force/makeContinuousLfp.m,b3.zip,helper,Spectral/spectrogram analysis runner or helper,5ee914c3d57003129b394760171700cf3e7be59bc8a8023362af5b09a6d7655e,5ee914c3d57003129b394760171700cf3e7be59bc8a8023362af5b09a6d7655e,no
analysis/03_spectral/batch6_force/makeOneMinuteGroupSummary.m,b3.zip,helper,Spectral/spectrogram analysis runner or helper,186ffe755633bd63c177cccc314e4f71fe363a79d02847594fde423b295bfe62,186ffe755633bd63c177cccc314e4f71fe363a79d02847594fde423b295bfe62,no
analysis/03_spectral/batch6_force/overlaySubepochLines.m,b3.zip,helper,Spectral/spectrogram analysis runner or helper,7e7648694c5f3fafc300c31e5c06fc01fdc6b3dbf414f6a36da3cd3e5d3c4cc2,7e7648694c5f3fafc300c31e5c06fc01fdc6b3dbf414f6a36da3cd3e5d3c4cc2,no
analysis/03_spectral/batch6_force/plotBetaFocusedFigure.m,b3.zip,helper,Spectral/spectrogram analysis runner or helper,f6a3b7ecb2990092008630f70a3004341ff9dbb459441afb6b1fb21d5dfc15bd,f6a3b7ecb2990092008630f70a3004341ff9dbb459441afb6b1fb21d5dfc15bd,no
analysis/03_spectral/batch6_force/plotGroupBandTimecourse.m,b3.zip,helper,Spectral/spectrogram analysis runner or helper,e6394dee3b997fcd09dee3bc751edda47eba8289b557fbdc4b079437e0c63d3b,e6394dee3b997fcd09dee3bc751edda47eba8289b557fbdc4b079437e0c63d3b,no
analysis/03_spectral/batch6_force/plotZSpecFigure.m,b3.zip,helper,Spectral/spectrogram analysis runner or helper,97cd99826cb316d97e7baf778b5d5ceaf5714d3159586d49b7ec5a36006493d7,97cd99826cb316d97e7baf778b5d5ceaf5714d3159586d49b7ec5a36006493d7,no
analysis/03_spectral/batch6_force/plotZSpecOnAxes.m,b3.zip,helper,Spectral/spectrogram analysis runner or helper,c9ceacfb30734333eb36ac96a277d7e491d6e8d0848a072530ad9b8d47211320,c9ceacfb30734333eb36ac96a277d7e491d6e8d0848a072530ad9b8d47211320,no
analysis/03_spectral/batch6_force/readNlxHeader.m,b3.zip,helper,Spectral/spectrogram analysis runner or helper,ee243a580b3e4e5f0c0c175a890a59b63a6464124ee820d5f459cc327e816d21,ee243a580b3e4e5f0c0c175a890a59b63a6464124ee820d5f459cc327e816d21,no
analysis/03_spectral/batch6_force/run_b6_force.m,b3.zip,main,Spectral/spectrogram analysis runner or helper,8ce07207860424c1296162b8ffd7939127b500fd036e6de045ac0885fcb9a754,2bab3d735d52f4caeb15608796f19d28dc70167e5420159fb061e08946601cf4,yes
analysis/03_spectral/batch6_force/sanitizeFileName.m,b3.zip,helper,Spectral/spectrogram analysis runner or helper,ebebdc65cffd5517c99763504e9d9d8ca4b1cef57a9a6cc47f39e66944604cd2,ebebdc65cffd5517c99763504e9d9d8ca4b1cef57a9a6cc47f39e66944604cd2,no
analysis/03_spectral/batch6_force/saveFigure.m,b3.zip,helper,Spectral/spectrogram analysis runner or helper,6e835eacd3b22fcd7f89c770f79ff598aca95f01f3631a7c5ca366ce9bc9b145,6e835eacd3b22fcd7f89c770f79ff598aca95f01f3631a7c5ca366ce9bc9b145,no
analysis/03_spectral/batch6_force/standardiseBurstTable.m,b3.zip,helper,Spectral/spectrogram analysis runner or helper,80c1644b615a503b0f35adce784221b1513dff431f3720f615f1937144dc0bce,80c1644b615a503b0f35adce784221b1513dff431f3720f615f1937144dc0bce,no
analysis/03_spectral/batch6_force/zscoreRows.m,b3.zip,helper,Spectral/spectrogram analysis runner or helper,3071bbaa23d16c5f423c4879af100b9ace979186ffe4d1226071e0f0a4c30afe,3071bbaa23d16c5f423c4879af100b9ace979186ffe4d1226071e0f0a4c30afe,no
analysis/03_spectral/psdspec_fixed_groupmean.m,b4.zip,main,Spectral/spectrogram analysis runner or helper,293bd61bf5a1ff8e4dfc451532fe488f966be46fa92cd364838347b255837b64,5d91749675bc2ce379d9669fb18bb7589f812868157093f20ab8afdf8daa8be2,yes
analysis/04_neuronal_beta/batch8_force/assign_subepoch.m,b3.zip,helper,Detector-defined beta neuronal firing/phase analysis runner or helper,a5b6e97af26511459ad0c145ea19e5a3ba3dc19d06649412609db37faabc0767,a5b6e97af26511459ad0c145ea19e5a3ba3dc19d06649412609db37faabc0767,no
analysis/04_neuronal_beta/batch8_force/build_resSave_inventory.m,b3.zip,helper,Detector-defined beta neuronal firing/phase analysis runner or helper,76f849e52b59f09a76a3f1bd703a61ca401513da3cb9385765c374c34ab6c177,76f849e52b59f09a76a3f1bd703a61ca401513da3cb9385765c374c34ab6c177,no
analysis/04_neuronal_beta/batch8_force/burst_windows_from_table.m,b3.zip,helper,Detector-defined beta neuronal firing/phase analysis runner or helper,7890b419f41e64d19d93e88a107a18a1a6e8b2d1076759f359993052addd1bb2,7890b419f41e64d19d93e88a107a18a1a6e8b2d1076759f359993052addd1bb2,no
analysis/04_neuronal_beta/batch8_force/count_spikes_in_intervals.m,b3.zip,helper,Detector-defined beta neuronal firing/phase analysis runner or helper,9d890b316577bbc0197e92cf918de10f994c12809c05668a87657144c0d86b9f,9d890b316577bbc0197e92cf918de10f994c12809c05668a87657144c0d86b9f,no
analysis/04_neuronal_beta/batch8_force/exact_sign_flip_p.m,b3.zip,helper,Detector-defined beta neuronal firing/phase analysis runner or helper,7e08abfc964c905d3419d45974a5956f05a255fa2165560b7ce7a916d05f6540,7e08abfc964c905d3419d45974a5956f05a255fa2165560b7ce7a916d05f6540,no
analysis/04_neuronal_beta/batch8_force/extract_position_speed.m,b3.zip,helper,Detector-defined beta neuronal firing/phase analysis runner or helper,3e080ed220508fb894c9d7365610b634559f0fd29124469e4d6597061fd9ddae,3e080ed220508fb894c9d7365610b634559f0fd29124469e4d6597061fd9ddae,no
analysis/04_neuronal_beta/batch8_force/find_first_file.m,b3.zip,helper,Detector-defined beta neuronal firing/phase analysis runner or helper,175f091c70a33b016aff77cc2d2cdcf8181bdab2d7d5bdc5c88d2b7a069bb085,175f091c70a33b016aff77cc2d2cdcf8181bdab2d7d5bdc5c88d2b7a069bb085,no
analysis/04_neuronal_beta/batch8_force/find_var.m,b3.zip,helper,Detector-defined beta neuronal firing/phase analysis runner or helper,068bca99e54e5c0e82e7e4a869eda0456bae70cd5c99856f9ed593667b7be3a0,068bca99e54e5c0e82e7e4a869eda0456bae70cd5c99856f9ed593667b7be3a0,no
analysis/04_neuronal_beta/batch8_force/get_animal_name.m,b3.zip,helper,Detector-defined beta neuronal firing/phase analysis runner or helper,12fd263c51a28045d953ee65482a6f489d9db7a01aa039d9b20e72baa8d7e803,12fd263c51a28045d953ee65482a6f489d9db7a01aa039d9b20e72baa8d7e803,no
analysis/04_neuronal_beta/batch8_force/get_col.m,b3.zip,helper,Detector-defined beta neuronal firing/phase analysis runner or helper,5b6f168f5912870e5a2240022b53d5ae335a9592d4143f8616893330aae53c20,5b6f168f5912870e5a2240022b53d5ae335a9592d4143f8616893330aae53c20,no
analysis/04_neuronal_beta/batch8_force/make_animal_event_summary.m,b3.zip,helper,Detector-defined beta neuronal firing/phase analysis runner or helper,44c7612130344247f4672ed969a2e27472c332fba85619a8f7e06aa9a6bec532,44c7612130344247f4672ed969a2e27472c332fba85619a8f7e06aa9a6bec532,no
analysis/04_neuronal_beta/batch8_force/make_animal_unit_summary.m,b3.zip,helper,Detector-defined beta neuronal firing/phase analysis runner or helper,d48b4323222092661225fce45cbc929cbd6454f88843c7f4bd4e54c412cd9afe,d48b4323222092661225fce45cbc929cbd6454f88843c7f4bd4e54c412cd9afe,no
analysis/04_neuronal_beta/batch8_force/make_batch8_event_figures.m,b3.zip,helper,Detector-defined beta neuronal firing/phase analysis runner or helper,3c090eb6bc185dc92c6cc04a2bf2b61a6b9f0b2fce0432e6fb3b634d15905577,3c090eb6bc185dc92c6cc04a2bf2b61a6b9f0b2fce0432e6fb3b634d15905577,no
analysis/04_neuronal_beta/batch8_force/make_batch8_field_figures.m,b3.zip,helper,Detector-defined beta neuronal firing/phase analysis runner or helper,eab3ce05d60487cdb7d19981db55a6a57e23a1deaf5d30b2af2cd7cd980b0d0b,eab3ce05d60487cdb7d19981db55a6a57e23a1deaf5d30b2af2cd7cd980b0d0b,no
analysis/04_neuronal_beta/batch8_force/make_batch8_stats_summary.m,b3.zip,helper,Detector-defined beta neuronal firing/phase analysis runner or helper,b0365a0f6f714c4a095b9d5c1cc6b482c4a3ae121a739f980936a0df2006967a,b0365a0f6f714c4a095b9d5c1cc6b482c4a3ae121a739f980936a0df2006967a,no
analysis/04_neuronal_beta/batch8_force/make_batch8_unit_figures.m,b3.zip,helper,Detector-defined beta neuronal firing/phase analysis runner or helper,5d205d799dfe56ee8b448de83e48e1a627305258be73c345708d66287c4a679c,5d205d799dfe56ee8b448de83e48e1a627305258be73c345708d66287c4a679c,no
analysis/04_neuronal_beta/batch8_force/normalize_band_labels.m,b3.zip,helper,Detector-defined beta neuronal firing/phase analysis runner or helper,d6544656e0f31f95f9ec42ed523a6443c0914ae5c4f3ee30c6ef74cdc1f34a3d,d6544656e0f31f95f9ec42ed523a6443c0914ae5c4f3ee30c6ef74cdc1f34a3d,no
analysis/04_neuronal_beta/batch8_force/run_b8_force.m,b3.zip,main,Detector-defined beta neuronal firing/phase analysis runner or helper,accd2d00eb50c935761608b0d5835986ec1dcc685d27d6887277bebef46280ea,682f4aa3e71977c98af3cf1acb5a74d6a781051774a33fa6cdae81958bd2c73f,yes
analysis/04_neuronal_beta/batch8_force/sample_matched_control_windows.m,b3.zip,helper,Detector-defined beta neuronal firing/phase analysis runner or helper,852b454a3506f5b1fc69c99c8691fc0bd178fc68d81073091419c769c375d10c,852b454a3506f5b1fc69c99c8691fc0bd178fc68d81073091419c769c375d10c,no
analysis/04_neuronal_beta/batch8_force/standardise_burst_table.m,b3.zip,helper,Detector-defined beta neuronal firing/phase analysis runner or helper,e1d563298b6755a1282274ab2bdc65e37befae9fa97c507d91cc3e504e0d8bd3,e1d563298b6755a1282274ab2bdc65e37befae9fa97c507d91cc3e504e0d8bd3,no
analysis/04_neuronal_beta/batch8_force/summarise_units_and_fields.m,b3.zip,helper,Detector-defined beta neuronal firing/phase analysis runner or helper,909d6e38e4f6f952307325e00bf71d6e562b29627d39d91f7a5c60815fd2204c,909d6e38e4f6f952307325e00bf71d6e562b29627d39d91f7a5c60815fd2204c,no
analysis/04_neuronal_beta/batch8_force/write_batch8_readme.m,b3.zip,helper,Detector-defined beta neuronal firing/phase analysis runner or helper,886484ef5a7aa8d30bde1f0d393afcf5d5c35a262b665f0cafc8736f10237979,886484ef5a7aa8d30bde1f0d393afcf5d5c35a262b665f0cafc8736f10237979,no
analysis/04_neuronal_beta/hc31_batch11C_PETH_phase_locking_PLAIN_SCRIPT.m,b4.zip,main,Detector-defined beta neuronal firing/phase analysis runner or helper,b2de353af207f8bd7483df58f2fc6274cbdde0c2d289fbb37f9ae6d90c7864b8,dbf2f628a5bd930721be805cdfb694ac47ce382fe4c2312854cab34b781a16f3,yes
analysis/05_high_frequency_candidates/batch10_force_v2/beta2_windows_from_table.m,b3.zip,helper,"High-frequency candidate detection, screening, state or tiering pipeline",082475b19931ad34ed3b720634fbd1f00265714a1acb4591efd880d0e75b0b13,082475b19931ad34ed3b720634fbd1f00265714a1acb4591efd880d0e75b0b13,no
analysis/05_high_frequency_candidates/batch10_force_v2/choose_csc_for_interval.m,b3.zip,helper,"High-frequency candidate detection, screening, state or tiering pipeline",da768bc5c2c844d3422e529fdb4920741cdab49830c22b94aec07014813a07e6,da768bc5c2c844d3422e529fdb4920741cdab49830c22b94aec07014813a07e6,no
analysis/05_high_frequency_candidates/batch10_force_v2/compute_unit_participation_in_events.m,b3.zip,helper,"High-frequency candidate detection, screening, state or tiering pipeline",cc6db1ee9c1ec14af2e7c676e0d001fae7646fb201f99ab1d3f0246a8508ab36,cc6db1ee9c1ec14af2e7c676e0d001fae7646fb201f99ab1d3f0246a8508ab36,no
analysis/05_high_frequency_candidates/batch10_force_v2/count_spikes_in_intervals.m,b3.zip,helper,"High-frequency candidate detection, screening, state or tiering pipeline",1aa5a9c283668d9cfd4c6bd1379fa497631b641b6764836f0878e9795a1d6aff,1aa5a9c283668d9cfd4c6bd1379fa497631b641b6764836f0878e9795a1d6aff,no
analysis/05_high_frequency_candidates/batch10_force_v2/detect_candidate_sleep_ripples.m,b3.zip,helper,"High-frequency candidate detection, screening, state or tiering pipeline",13496ff3742299ddf903d960a928805a42e359f424be4ce1c902a35c1b5630c2,13496ff3742299ddf903d960a928805a42e359f424be4ce1c902a35c1b5630c2,no
analysis/05_high_frequency_candidates/batch10_force_v2/downsample_lfp.m,b3.zip,helper,"High-frequency candidate detection, screening, state or tiering pipeline",2c7630b8bb6852c33234ce86c0c9b2cf3c82c45ed72ebd71d53f4600814af393,2c7630b8bb6852c33234ce86c0c9b2cf3c82c45ed72ebd71d53f4600814af393,no
analysis/05_high_frequency_candidates/batch10_force_v2/exact_sign_flip_p.m,b3.zip,helper,"High-frequency candidate detection, screening, state or tiering pipeline",7e08abfc964c905d3419d45974a5956f05a255fa2165560b7ce7a916d05f6540,7e08abfc964c905d3419d45974a5956f05a255fa2165560b7ce7a916d05f6540,no
analysis/05_high_frequency_candidates/batch10_force_v2/find_epoch_info.m,b3.zip,helper,"High-frequency candidate detection, screening, state or tiering pipeline",d8f18af626a0a7f1c76c919edc6ac08b3df7c99ee5a804b9c28ae39e315a998e,d8f18af626a0a7f1c76c919edc6ac08b3df7c99ee5a804b9c28ae39e315a998e,no
analysis/05_high_frequency_candidates/batch10_force_v2/find_first_file.m,b3.zip,helper,"High-frequency candidate detection, screening, state or tiering pipeline",175f091c70a33b016aff77cc2d2cdcf8181bdab2d7d5bdc5c88d2b7a069bb085,175f091c70a33b016aff77cc2d2cdcf8181bdab2d7d5bdc5c88d2b7a069bb085,no
analysis/05_high_frequency_candidates/batch10_force_v2/find_var.m,b3.zip,helper,"High-frequency candidate detection, screening, state or tiering pipeline",9c9ea5eea7c9cc77e6ed9b147d8f5ee124fefba029a9084dfcea8ed46ca51891,9c9ea5eea7c9cc77e6ed9b147d8f5ee124fefba029a9084dfcea8ed46ca51891,no
analysis/05_high_frequency_candidates/batch10_force_v2/get_animal_name.m,b3.zip,helper,"High-frequency candidate detection, screening, state or tiering pipeline",6d0dda26698f42e5db7c80ed28f0585894e2b17de449cc28b0b661562d599d24,6d0dda26698f42e5db7c80ed28f0585894e2b17de449cc28b0b661562d599d24,no
analysis/05_high_frequency_candidates/batch10_force_v2/get_col.m,b3.zip,helper,"High-frequency candidate detection, screening, state or tiering pipeline",2ad6622e84d79527882d553afa778b99391e18b928acdcee7dd428ce8e83b77c,2ad6622e84d79527882d553afa778b99391e18b928acdcee7dd428ce8e83b77c,no
analysis/05_high_frequency_candidates/batch10_force_v2/get_epoch_col.m,b3.zip,helper,"High-frequency candidate detection, screening, state or tiering pipeline",dc29722cb20e75c1579941cd6741c58b3a00d92e5f4b2dcafef398134a82eb20,dc29722cb20e75c1579941cd6741c58b3a00d92e5f4b2dcafef398134a82eb20,no
analysis/05_high_frequency_candidates/batch10_force_v2/get_unit_spikes_for_epoch.m,b3.zip,helper,"High-frequency candidate detection, screening, state or tiering pipeline",782fe9eed674026344805e7df10b2b8db13d43275c6e516655236d62e51e87e7,782fe9eed674026344805e7df10b2b8db13d43275c6e516655236d62e51e87e7,no
analysis/05_high_frequency_candidates/batch10_force_v2/infer_epoch_intervals_from_spikes.m,b3.zip,helper,"High-frequency candidate detection, screening, state or tiering pipeline",b4f9e6abb55f585ebaaaccee9ebdb73c5f880516acbadeaf2aa71033b0ddee23,b4f9e6abb55f585ebaaaccee9ebdb73c5f880516acbadeaf2aa71033b0ddee23,no
analysis/05_high_frequency_candidates/batch10_force_v2/load_csc_interval_downsampled_chunked.m,b3.zip,helper,"High-frequency candidate detection, screening, state or tiering pipeline",d8d61f19dcd51893b118b38d0a3a2d0eb93d264638d62ed2a4a0e1670ce077e1,d8d61f19dcd51893b118b38d0a3a2d0eb93d264638d62ed2a4a0e1670ce077e1,no
analysis/05_high_frequency_candidates/batch10_force_v2/load_csc_interval_raw.m,b3.zip,helper,"High-frequency candidate detection, screening, state or tiering pipeline",0bf2a7c1c7bc01a16ced8e2971891d9fe1e945e03694b51978deddca219d8f4c,0bf2a7c1c7bc01a16ced8e2971891d9fe1e945e03694b51978deddca219d8f4c,no
analysis/05_high_frequency_candidates/batch10_force_v2/make_animal_level_memory_link_summary.m,b3.zip,helper,"High-frequency candidate detection, screening, state or tiering pipeline",68b8414decb92522b9efaa3c6a0772a6b8beaf227ce09ef1f86ef2b471b3e236,68b8414decb92522b9efaa3c6a0772a6b8beaf227ce09ef1f86ef2b471b3e236,no
analysis/05_high_frequency_candidates/batch10_force_v2/make_batch10_figures.m,b3.zip,helper,"High-frequency candidate detection, screening, state or tiering pipeline",aeaec083376d0d11e4073092ffa21a0db1a4872d37cf884d1be68ac24578318d,aeaec083376d0d11e4073092ffa21a0db1a4872d37cf884d1be68ac24578318d,no
analysis/05_high_frequency_candidates/batch10_force_v2/make_batch10_stats_summary.m,b3.zip,helper,"High-frequency candidate detection, screening, state or tiering pipeline",f02024bfc96e9887beb6491d483ea5e835bfafbd6ba3b1b2fbfd2eafac4d202e,f02024bfc96e9887beb6491d483ea5e835bfafbd6ba3b1b2fbfd2eafac4d202e,no
analysis/05_high_frequency_candidates/batch10_force_v2/make_beta2_unit_tags.m,b3.zip,helper,"High-frequency candidate detection, screening, state or tiering pipeline",d03c3f56b13bf4ee92c0e81d111ac8dc3869c0a79be7a03b82a73c9f2b41e59e,d03c3f56b13bf4ee92c0e81d111ac8dc3869c0a79be7a03b82a73c9f2b41e59e,no
analysis/05_high_frequency_candidates/batch10_force_v2/make_epoch_info.m,b3.zip,helper,"High-frequency candidate detection, screening, state or tiering pipeline",091e543ce8aff3c533176ed0e765a64a03ba6639feed56085ba02744789ff3ca,091e543ce8aff3c533176ed0e765a64a03ba6639feed56085ba02744789ff3ca,no
analysis/05_high_frequency_candidates/batch10_force_v2/make_sleep_ripple_qc_plot.m,b3.zip,helper,"High-frequency candidate detection, screening, state or tiering pipeline",2d060dbc67aae164695cacc3e4e3079219d1833e8d93f51c5bb07a079790e133,2d060dbc67aae164695cacc3e4e3079219d1833e8d93f51c5bb07a079790e133,no
analysis/05_high_frequency_candidates/batch10_force_v2/normalize_band_labels.m,b3.zip,helper,"High-frequency candidate detection, screening, state or tiering pipeline",d6544656e0f31f95f9ec42ed523a6443c0914ae5c4f3ee30c6ef74cdc1f34a3d,d6544656e0f31f95f9ec42ed523a6443c0914ae5c4f3ee30c6ef74cdc1f34a3d,no
analysis/05_high_frequency_candidates/batch10_force_v2/parse_adbitvolts.m,b3.zip,helper,"High-frequency candidate detection, screening, state or tiering pipeline",a45c5298564059b253773f10f5b32d3068a5e1bfcb896784c3a8e99ebef0cba1,a45c5298564059b253773f10f5b32d3068a5e1bfcb896784c3a8e99ebef0cba1,no
analysis/05_high_frequency_candidates/batch10_force_v2/ripple_filter_envelope.m,b3.zip,helper,"High-frequency candidate detection, screening, state or tiering pipeline",a8a834710f3429ef4f6d3db2d8c16c5556ec81e03deb40f45589206c69badc06,a8a834710f3429ef4f6d3db2d8c16c5556ec81e03deb40f45589206c69badc06,no
analysis/05_high_frequency_candidates/batch10_force_v2/run_b10_force.m,b3.zip,main,"High-frequency candidate detection, screening, state or tiering pipeline",cba0736b0db032b7a5a2d635c2379f4d22fc883bf0913413286584e76534cd39,e6af2df23769330b4709657f1a39799f38cf8fa9c6f32955efa5d55da7dbdfd6,yes
analysis/05_high_frequency_candidates/batch10_force_v2/safe_filename.m,b3.zip,helper,"High-frequency candidate detection, screening, state or tiering pipeline",7217d931dd8396af3d95fcdbac9c58173d1fb7b75ab4040427461a053df4ef5b,7217d931dd8396af3d95fcdbac9c58173d1fb7b75ab4040427461a053df4ef5b,no
analysis/05_high_frequency_candidates/batch10_force_v2/standardise_burst_table.m,b3.zip,helper,"High-frequency candidate detection, screening, state or tiering pipeline",63518b080867769ac1bf45bc36f145782b7b6d3db029b9c78e5d0caa022f225a,63518b080867769ac1bf45bc36f145782b7b6d3db029b9c78e5d0caa022f225a,no
analysis/05_high_frequency_candidates/batch10_force_v2/try_get_csc_bounds.m,b3.zip,helper,"High-frequency candidate detection, screening, state or tiering pipeline",54c932d5165d52ba3e9eb40b85887f7dc3a28f0ed8ad95c8314d1c82cca907b3,54c932d5165d52ba3e9eb40b85887f7dc3a28f0ed8ad95c8314d1c82cca907b3,no
analysis/05_high_frequency_candidates/batch10_force_v2/write_batch10_readme.m,b3.zip,helper,"High-frequency candidate detection, screening, state or tiering pipeline",67c722687403706e978648f96c78d35b6e02b2e83c9a8733c3098c535193af9b,67c722687403706e978648f96c78d35b6e02b2e83c9a8733c3098c535193af9b,no
analysis/05_high_frequency_candidates/batch11Nplus/hc31_batch11Nplus_apply_manual_review_override_PLAIN_SCRIPT.m,b2.zip,main,"High-frequency candidate detection, screening, state or tiering pipeline",f8b016d3370b0d5848e2a976fae3f3f54220cafb2820f919c12d0e7ba591ebbe,412654f0700cd5fc0c7bbe007c0f2bee05f531f4cb67e09d77cf90dd786ca702,yes
analysis/05_high_frequency_candidates/batch11Nplus/hc31_batch11Nplus_build_final_master_event_set_FINAL_FIXED.m,b2.zip,main,"High-frequency candidate detection, screening, state or tiering pipeline",a15cfc8d194fb49ba6db02a60de250d026f63e036c810f97e2fe19329c1ff209,2e6a88df3ff4ee6eeae1ff9d39c4a097ab2bc0e88a5ec8d856cd69519899ec5b,yes
analysis/05_high_frequency_candidates/batch11Nplus/hc31_batch11Nplus_detect_candidates_in_epoch.m,b2.zip,helper,"High-frequency candidate detection, screening, state or tiering pipeline",ab7d87a2807f0da99b299fa20121aaf2a94038195a9113110ae602947d3aa1d8,ab7d87a2807f0da99b299fa20121aaf2a94038195a9113110ae602947d3aa1d8,no
analysis/05_high_frequency_candidates/batch11Nplus/hc31_batch11Nplus_extract_l2_features.m,b2.zip,helper,"High-frequency candidate detection, screening, state or tiering pipeline",c083e479c811f3ea4fe8db26f3499fbbdf8fb10d597d2a6841eab270c115643c,c083e479c811f3ea4fe8db26f3499fbbdf8fb10d597d2a6841eab270c115643c,no
analysis/05_high_frequency_candidates/batch11Nplus/hc31_batch11Nplus_generate_and_screen_POST_PLAIN_SCRIPT_FINAL_FIXED.m,b2.zip,main,"High-frequency candidate detection, screening, state or tiering pipeline",cd46f37251e311b2af4ff3e380c695ef35231a26a11264cfe9667752c81d7f8f,4f52a186876c065e57d6914da7241928ea661fedbab68d715b18e4bb69d09213,yes
analysis/05_high_frequency_candidates/batch9_force/append_timing_note.m,b3.zip,helper,"High-frequency candidate detection, screening, state or tiering pipeline",d0b1a461a23014b2d24d0b827c436565358fb68dbe2f9d5c692afb7bf2537863,d0b1a461a23014b2d24d0b827c436565358fb68dbe2f9d5c692afb7bf2537863,no
analysis/05_high_frequency_candidates/batch9_force/beta_counts_around_ripples.m,b3.zip,helper,"High-frequency candidate detection, screening, state or tiering pipeline",fef6ed2de411967093ec5cb1a6e453a7882aa7ed96f72daa4acdf09be81a9e6a,fef6ed2de411967093ec5cb1a6e453a7882aa7ed96f72daa4acdf09be81a9e6a,no
analysis/05_high_frequency_candidates/batch9_force/choose_run1_csc_for_animal.m,b3.zip,helper,"High-frequency candidate detection, screening, state or tiering pipeline",a1a01963dd0e747a33479a92b9fde5d22208ec134dbc32ef62c71e2a30fc2fa8,a1a01963dd0e747a33479a92b9fde5d22208ec134dbc32ef62c71e2a30fc2fa8,no
analysis/05_high_frequency_candidates/batch9_force/circular_shift_surrogate_prepost.m,b3.zip,helper,"High-frequency candidate detection, screening, state or tiering pipeline",91c7a0babbdf138861b80f4dbe0e11ed287edd76c79ae28bacee28d45ca5fc5d,91c7a0babbdf138861b80f4dbe0e11ed287edd76c79ae28bacee28d45ca5fc5d,no
analysis/05_high_frequency_candidates/batch9_force/compute_ripple_rates.m,b3.zip,helper,"High-frequency candidate detection, screening, state or tiering pipeline",4d8d1bd27286c0afbb3e859e9cb5b0a43d730ce02265037849662f8a054cd772,4d8d1bd27286c0afbb3e859e9cb5b0a43d730ce02265037849662f8a054cd772,no
analysis/05_high_frequency_candidates/batch9_force/compute_spike_participation_overlap.m,b3.zip,helper,"High-frequency candidate detection, screening, state or tiering pipeline",f9c0946a4fde86d3f6927601b835ed42a84fd5dacf706a7f412777009c7064d1,f9c0946a4fde86d3f6927601b835ed42a84fd5dacf706a7f412777009c7064d1,no
analysis/05_high_frequency_candidates/batch9_force/count_spikes_in_intervals.m,b3.zip,helper,"High-frequency candidate detection, screening, state or tiering pipeline",da438a350106142ee07bf9537d0c2b5fe3271ce48222e56554047bcc3cd217ab,da438a350106142ee07bf9537d0c2b5fe3271ce48222e56554047bcc3cd217ab,no
analysis/05_high_frequency_candidates/batch9_force/detect_ripples_from_envelope.m,b3.zip,helper,"High-frequency candidate detection, screening, state or tiering pipeline",ca45b1825bceb718894c92bbeb4569404b3099846e9beb1c355b03373c16495f,ca45b1825bceb718894c92bbeb4569404b3099846e9beb1c355b03373c16495f,no
analysis/05_high_frequency_candidates/batch9_force/downsample_lfp.m,b3.zip,helper,"High-frequency candidate detection, screening, state or tiering pipeline",75142c9035b83f67563e81c3ad8e3fd0c44fe2bed09b8449331b030e9e087f7d,75142c9035b83f67563e81c3ad8e3fd0c44fe2bed09b8449331b030e9e087f7d,no
analysis/05_high_frequency_candidates/batch9_force/estimate_pos_fs.m,b3.zip,helper,"High-frequency candidate detection, screening, state or tiering pipeline",e63687aa20855d5cd59dc4838dd92d6296c0bf850f51e9f91784162d124877ea,e63687aa20855d5cd59dc4838dd92d6296c0bf850f51e9f91784162d124877ea,no
analysis/05_high_frequency_candidates/batch9_force/event_crosscorr.m,b3.zip,helper,"High-frequency candidate detection, screening, state or tiering pipeline",a28fac05758dc208d1c05653535a6c684929a3d22ac82920d51f5857f76db16d,a28fac05758dc208d1c05653535a6c684929a3d22ac82920d51f5857f76db16d,no
analysis/05_high_frequency_candidates/batch9_force/exact_sign_flip_p.m,b3.zip,helper,"High-frequency candidate detection, screening, state or tiering pipeline",7e08abfc964c905d3419d45974a5956f05a255fa2165560b7ce7a916d05f6540,7e08abfc964c905d3419d45974a5956f05a255fa2165560b7ce7a916d05f6540,no
analysis/05_high_frequency_candidates/batch9_force/extract_position_speed.m,b3.zip,helper,"High-frequency candidate detection, screening, state or tiering pipeline",cca1927f734312400d1c0347f59582ef2b16dc2d4a0cbb0384515308daa668d1,cca1927f734312400d1c0347f59582ef2b16dc2d4a0cbb0384515308daa668d1,no
analysis/05_high_frequency_candidates/batch9_force/find_first_file.m,b3.zip,helper,"High-frequency candidate detection, screening, state or tiering pipeline",c0502915c71ec1fe146f229901bfcc52d8cc3cbed21c84059797ae7fb9aebf06,c0502915c71ec1fe146f229901bfcc52d8cc3cbed21c84059797ae7fb9aebf06,no
analysis/05_high_frequency_candidates/batch9_force/find_var.m,b3.zip,helper,"High-frequency candidate detection, screening, state or tiering pipeline",9c9ea5eea7c9cc77e6ed9b147d8f5ee124fefba029a9084dfcea8ed46ca51891,9c9ea5eea7c9cc77e6ed9b147d8f5ee124fefba029a9084dfcea8ed46ca51891,no
analysis/05_high_frequency_candidates/batch9_force/get_animal_name.m,b3.zip,helper,"High-frequency candidate detection, screening, state or tiering pipeline",6d0dda26698f42e5db7c80ed28f0585894e2b17de449cc28b0b661562d599d24,6d0dda26698f42e5db7c80ed28f0585894e2b17de449cc28b0b661562d599d24,no
analysis/05_high_frequency_candidates/batch9_force/get_col.m,b3.zip,helper,"High-frequency candidate detection, screening, state or tiering pipeline",09b729331e8f3d4cbf9ec77e0d5649174eff7a04535385c9db5d70820b05d436,09b729331e8f3d4cbf9ec77e0d5649174eff7a04535385c9db5d70820b05d436,no
analysis/05_high_frequency_candidates/batch9_force/load_csc_interval.m,b3.zip,helper,"High-frequency candidate detection, screening, state or tiering pipeline",072e8dc49d99de8c0c8fc1a72496415bb3a3fd4b31fa0bffd8d6eeb957689ab1,072e8dc49d99de8c0c8fc1a72496415bb3a3fd4b31fa0bffd8d6eeb957689ab1,no
analysis/05_high_frequency_candidates/batch9_force/make_animal_ripple_summary.m,b3.zip,helper,"High-frequency candidate detection, screening, state or tiering pipeline",f5a2a66a958278f52e59203a97472ec1b08520db5069172248907f1d2136cdd5,f5a2a66a958278f52e59203a97472ec1b08520db5069172248907f1d2136cdd5,no
analysis/05_high_frequency_candidates/batch9_force/make_beta_ripple_timing_figures.m,b3.zip,helper,"High-frequency candidate detection, screening, state or tiering pipeline",e109e51ec3f8e3531c305913680d07290827d9e62f948b27f069011e184d136d,e109e51ec3f8e3531c305913680d07290827d9e62f948b27f069011e184d136d,no
analysis/05_high_frequency_candidates/batch9_force/make_ripple_qc_figures.m,b3.zip,helper,"High-frequency candidate detection, screening, state or tiering pipeline",1e8c360ece8b77114f492bfdef22a9a455c96bbf182cc13600fbaeaed6beb35e,1e8c360ece8b77114f492bfdef22a9a455c96bbf182cc13600fbaeaed6beb35e,no
analysis/05_high_frequency_candidates/batch9_force/make_ripple_rate_figures.m,b3.zip,helper,"High-frequency candidate detection, screening, state or tiering pipeline",59924e7f08d155180c3d005b2d265152ab18d8db10ce60e99746a09793835eed,59924e7f08d155180c3d005b2d265152ab18d8db10ce60e99746a09793835eed,no
analysis/05_high_frequency_candidates/batch9_force/make_ripple_stats.m,b3.zip,helper,"High-frequency candidate detection, screening, state or tiering pipeline",6db751af886acb68e79ae06930902f3303306b033a3321628250a20a41aa0654,6db751af886acb68e79ae06930902f3303306b033a3321628250a20a41aa0654,no
analysis/05_high_frequency_candidates/batch9_force/make_spike_participation_figures.m,b3.zip,helper,"High-frequency candidate detection, screening, state or tiering pipeline",c9d931054939056394c1ba200193ee93506cf9146c241c2c8559cf29d3e4abd4,c9d931054939056394c1ba200193ee93506cf9146c241c2c8559cf29d3e4abd4,no
analysis/05_high_frequency_candidates/batch9_force/make_timing_stats.m,b3.zip,helper,"High-frequency candidate detection, screening, state or tiering pipeline",2c499f0f3f7b6e825deef54e8f46cc8268ead5efc1afab12a61ec3372286f509,2c499f0f3f7b6e825deef54e8f46cc8268ead5efc1afab12a61ec3372286f509,no
analysis/05_high_frequency_candidates/batch9_force/normalize_band_labels.m,b3.zip,helper,"High-frequency candidate detection, screening, state or tiering pipeline",7ce396cb9c1412666bbd600d3df4c9ba32118a379a314d5a294cc15bd9b181b0,7ce396cb9c1412666bbd600d3df4c9ba32118a379a314d5a294cc15bd9b181b0,no
analysis/05_high_frequency_candidates/batch9_force/parse_adbitvolts.m,b3.zip,helper,"High-frequency candidate detection, screening, state or tiering pipeline",31898980a88e05acbf7f209fa8e7f39413c86bf557de347b6d2343fe3a4f069f,31898980a88e05acbf7f209fa8e7f39413c86bf557de347b6d2343fe3a4f069f,no
analysis/05_high_frequency_candidates/batch9_force/ripple_filter_envelope.m,b3.zip,helper,"High-frequency candidate detection, screening, state or tiering pipeline",070be63bb88031674453c8720b9be4b63f7f7d337f1fadeaf730e89bde67cb09,070be63bb88031674453c8720b9be4b63f7f7d337f1fadeaf730e89bde67cb09,no
analysis/05_high_frequency_candidates/batch9_force/run_b9_force.m,b3.zip,main,"High-frequency candidate detection, screening, state or tiering pipeline",4fd41768584f4cf1ac16431520d4cb7a99c834dea42a6745fe5904766d6303f6,511288d60844cb3e9c3253f6fd1087145f6fe949079bbe15a242689b8509d1d3,yes
analysis/05_high_frequency_candidates/batch9_force/safe_filename.m,b3.zip,helper,"High-frequency candidate detection, screening, state or tiering pipeline",7217d931dd8396af3d95fcdbac9c58173d1fb7b75ab4040427461a053df4ef5b,7217d931dd8396af3d95fcdbac9c58173d1fb7b75ab4040427461a053df4ef5b,no
analysis/05_high_frequency_candidates/batch9_force/standardise_burst_table.m,b3.zip,helper,"High-frequency candidate detection, screening, state or tiering pipeline",a2e8e56a52c04102491d627cd4d3f29f4d69ed39025f4f37c739f0f07f7442bf,a2e8e56a52c04102491d627cd4d3f29f4d69ed39025f4f37c739f0f07f7442bf,no
analysis/05_high_frequency_candidates/batch9_force/try_get_csc_bounds.m,b3.zip,helper,"High-frequency candidate detection, screening, state or tiering pipeline",36f4ee9fa09a191717f19472201147fb81dea214954b28c991858cdb7e0c13d7,36f4ee9fa09a191717f19472201147fb81dea214954b28c991858cdb7e0c13d7,no
analysis/05_high_frequency_candidates/batch9_force/write_batch9_readme.m,b3.zip,helper,"High-frequency candidate detection, screening, state or tiering pipeline",d0caa46a10a098676c325b772283fef895bed845e5a42478db7f565d7e22e1bb,d0caa46a10a098676c325b772283fef895bed845e5a42478db7f565d7e22e1bb,no
analysis/05_high_frequency_candidates/hc31_batch11K_candidate_ripple_manual_QC_PLAIN_SCRIPT_FIXED.m,b4.zip,main,"High-frequency candidate detection, screening, state or tiering pipeline",5dd9366c82db3f852d3227e68a64300b3a0cd455524eb1b55c6bd7bae91f07c0,2d472f5345667a45d7599c61efd2cb4d302fa0860a453beee4a265150b75f138,yes
analysis/05_high_frequency_candidates/hc31_batch11K_unblind_reviews_PLAIN_SCRIPT.m,b4.zip,main,"High-frequency candidate detection, screening, state or tiering pipeline",7e21e85733c595f83d29b8064dbd57e84e2399a0cefa4d1fa6557d9ec03a4b2d,7e21e85733c595f83d29b8064dbd57e84e2399a0cefa4d1fa6557d9ec03a4b2d,no
analysis/05_high_frequency_candidates/hc31_batch11L2_event_separation_non_circular_morphology_PARENT_WINDOW_FIXED.m,b4.zip,main,"High-frequency candidate detection, screening, state or tiering pipeline",a70b6b773a97193e42c7559335f74027c99cffa2cec61571ba54b9b1faea9202,459287edd9b23e65c508ca10dab79155c80d3b8f827312180dccb2b102621855,yes
analysis/05_high_frequency_candidates/hc31_batch11M3_corrected_pre_rest_post_state_classification_PLAIN_SCRIPT.m,b4.zip,main,"High-frequency candidate detection, screening, state or tiering pipeline",88bda0708967bf35fbd3b906ab668a90aebe3509815c4c298bf3b98e0547b1d3,0249eab77aa946adde09e5f37af4954e0c77ff9fe1b30acf3732c481f3f3617a,yes
analysis/06_candidate_firing_amplitude/batch11O/hc31_batch11O_awake_beta2_speed_matched_PLAIN_SCRIPT.m,b2.zip,main,"Candidate population firing, amplitude QC or synthesis pipeline",ddbfe9b72657b3875de300ea0693ae2ae7cad886adad1264a1f5da2d5fa4418a,54fad5ab19f387f4a399101ea7f9b2ce733c83d410bdd5c3e99ff412f60a114f,yes
analysis/06_candidate_firing_amplitude/batch11O/hc31_batch11O_bh_fdr.m,b2.zip,helper,"Candidate population firing, amplitude QC or synthesis pipeline",c1cb5dd55ffb33b396c0c7e38f013298613f0dec268f9ccbb545162f0cd70437,c1cb5dd55ffb33b396c0c7e38f013298613f0dec268f9ccbb545162f0cd70437,no
analysis/06_candidate_firing_amplitude/batch11O/hc31_batch11O_extract_beta2_context.m,b2.zip,helper,"Candidate population firing, amplitude QC or synthesis pipeline",38537b5b40d2fa9c3013fca28eaa896d13527899e68fe053bd2cd22723547101,38537b5b40d2fa9c3013fca28eaa896d13527899e68fe053bd2cd22723547101,no
analysis/06_candidate_firing_amplitude/batch11O/hc31_batch11O_load_epoch_spikes.m,b2.zip,helper,"Candidate population firing, amplitude QC or synthesis pipeline",cb4c8468113b6647399cead8df0a4fc566bb3cdf2c89147b47743d9b8a9d5503,cb4c8468113b6647399cead8df0a4fc566bb3cdf2c89147b47743d9b8a9d5503,no
analysis/06_candidate_firing_amplitude/batch11O/hc31_batch11O_population_recruitment_and_state_rates_PLAIN_SCRIPT.m,b2.zip,main,"Candidate population firing, amplitude QC or synthesis pipeline",6660960a644a64d72ff28300d1aeb14208c51128d485cffe8ede5265560653e3,78a832f6151a3f694ccd997a728712582bf30213ab9d30c6e2d5b6b42f26718f,yes
analysis/06_candidate_firing_amplitude/batch11P_synthesis/hc31_batch11P_final_synthesis_from_CSVs_PLAIN_SCRIPT.m,b2.zip,main,"Candidate population firing, amplitude QC or synthesis pipeline",df128398a8c2a97117c76d9d6db9ac8f342a08002ff0e5c22a609f4364217bd4,df128398a8c2a97117c76d9d6db9ac8f342a08002ff0e5c22a609f4364217bd4,no
analysis/06_candidate_firing_amplitude/stageB_QC_correction/hc31_batch11O_apply_stageB_QC_correction_PLAIN_SCRIPT_NO_STRLENGTH.m,b2.zip,main,"Candidate population firing, amplitude QC or synthesis pipeline",5ce239592d86d40a425aa7665f5849b64a424728185ccdd8afccd9e7df5a3bcf,5ce239592d86d40a425aa7665f5849b64a424728185ccdd8afccd9e7df5a3bcf,no
analysis/06_candidate_firing_amplitude/stageB_QC_correction/hc31_batch11O_bh_fdr.m,b2.zip,helper,"Candidate population firing, amplitude QC or synthesis pipeline",c1cb5dd55ffb33b396c0c7e38f013298613f0dec268f9ccbb545162f0cd70437,c1cb5dd55ffb33b396c0c7e38f013298613f0dec268f9ccbb545162f0cd70437,no
analysis/07_spike_order/hc31_batch11F_replay_sorted_rasters_PLAIN_SCRIPT.m,b4.zip,main,Spike-order / replay-relevant analysis,e62b6462c2357afd3dd60bc64bb1f931736878834f3f432889cb2aaaa791cc2f,686f7790c535024efa48ce8f092a43748c05d454105eb9802c705b9ff2bdecfd,yes
analysis/07_spike_order/hc31_batch11I_shuffle_controlled_replay_sequences_PLAIN_SCRIPT.m,b4.zip,main,Spike-order / replay-relevant analysis,ff12ba552cc5c974946671b5f8f370e6a743b1869a69afe77e45bdd3419659f7,5408481a477cfcc8bce7b806cd2805ebf6ab2cc77081134fe7c29b5a4baff69a,yes
